cve,vendor,product,name,date_added,ransomware
CVE-2026-102490,Zammad GmbH,Zammad,Zammad GmbH Zammad Improper Privilege Management Vulnerability,2026-10-02,Unknown
CVE-2026-102489,Zammad GmbH,Zammad,Zammad GmbH Zammad Session Fixation Vulnerability,2026-10-02,Unknown
CVE-2026-104286,Fortinet,FortiMail,Fortinet FortiMail Path Traversal Vulnerability,2026-10-01,Unknown
CVE-2026-76504,Cisco,Catalyst SD-WAN Manager,Cisco Catalyst SD-WAN Manager Hex Encoding Vulnerability,2026-09-30,Unknown
CVE-2026-86950,Apple,Multiple Products,Apple Multiple Products Out-of-Bounds Write Vulnerability,2026-09-29,Unknown
CVE-2026-88772,Citrix,NetScaler,Citrix NetScaler Improper Restriction of Operations within the Bounds of a Memory Buffer Vulnerability,2026-09-27,Unknown
CVE-2026-88771,Citrix,NetScaler,Citrix NetScaler Improper Input Validation Vulnerability,2026-09-27,Unknown
CVE-2026-67279,MikroTik,RouterOS,Mikrotik RouterOS Improper Enforcement of Behavioral Workflow Vulnerability,2026-09-25,Unknown
CVE-2026-65660,Microsoft,SharePoint,Microsoft SharePoint Code Injection Vulnerability,2026-09-25,Unknown
CVE-2026-87902,WordPress,Core,WordPress Core Remote File Inclusion Vulnerability,2026-09-25,Unknown
CVE-2026-5430,WSO2,Multiple Products,WSO2 Multiple Products Path Traversal Vulnerability ,2026-09-24,Unknown
CVE-2026-71362,Adobe,Commerce and Magento ,Adobe Commerce and Magento Incorrect Authorization Vulnerability ,2026-09-24,Unknown
CVE-2026-93952,Arista,VeloCloud Orchestrator,Arista VeloCloud Orchestrator Improper Input Validation Vulnerability,2026-09-22,Unknown
CVE-2026-94127,F5,BIG-IP APM,F5 BIG-IP APM Heap-based Buffer Overflow Vulnerability,2026-09-22,Unknown
CVE-2026-93616,Check Point,Multiple Products,Check Point Multiple Products Path Traversal Vulnerability,2026-09-22,Unknown
CVE-2026-85102,Check Point,Multiple Products,Check Point Multiple Products Improper Certificate Validation Vulnerability,2026-09-22,Unknown
CVE-2026-7273,Zyxel,GS1900 Series Switches,Zyxel GS1900 Series Switches Stack-Based Buffer Overflow Vulnerability,2026-09-21,Unknown
