valor,tipo,amenaza,nivel,score,confianza,pais,fuente,visto
06f434695f93d7fd11eeff71358ff69fed79d310a66d993bbcc4ff979c117c90,filehash-sha256,The Psychedelic Stealer: When a CAPTCHA Becomes an Installer,baja,25,,,OTX,2026-09-25T14:53:40
38e90affe37342ee36917cdc535fe9bf04589afa8430eb8d1ba1016adcfc1878,filehash-sha256,The Psychedelic Stealer: When a CAPTCHA Becomes an Installer,baja,25,,,OTX,2026-09-25T14:53:40
a12ba3a3dcd70e02f89253c9ec78b11f,filehash-md5,Uncovering a SectopRAT Variant Embedded in Legitimate Software,baja,25,,,OTX,2026-09-25T14:42:15
37fcbcb21d16866784050682c58424c91d3a736f6fd599271fa6e53cf5ca8a92,filehash-sha256,Uncovering a SectopRAT Variant Embedded in Legitimate Software,baja,25,,,OTX,2026-09-25T14:42:15
48d3ecbb9e0b6babe6e53e2082a076bad07ef61ccd98dcc8b9e4f390b937788b,filehash-sha256,Uncovering a SectopRAT Variant Embedded in Legitimate Software,baja,25,,,OTX,2026-09-25T14:42:15
95f6abd3c43ef4b33cd61d054527233dd2ce705804d44a04be96cfb73bb52e3a,filehash-sha256,Uncovering a SectopRAT Variant Embedded in Legitimate Software,baja,25,,,OTX,2026-09-25T14:42:15
efa07701570983909ef923ea79bb032f19fd9dac0b819fa0e4f6b1161a4cc221,filehash-sha256,Uncovering a SectopRAT Variant Embedded in Legitimate Software,baja,25,,,OTX,2026-09-25T14:42:15
7e2e036fec2fe7ab4bbd43978d9296563894c92a112f5ac2f39957f12108e245,filehash-sha256,Implants in the Supply Chain,baja,25,,,OTX,2026-08-27T22:16:26
ae6c356f1f09260b859f84d994ef8423540a6c0bdf98510d86b85834283e4926,filehash-sha256,Implants in the Supply Chain,baja,25,,,OTX,2026-08-27T22:16:26
b77811db4d218c65670a6c9a5b33c30ff81c6d779e15d658643138771178a818,filehash-sha256,Implants in the Supply Chain,baja,25,,,OTX,2026-08-27T22:16:26
4309d107af6a23f4a7f841b9148258e1a280b972,filehash-sha1,Implants in the Supply Chain,baja,25,,,OTX,2026-08-27T22:16:26
681b57b6bf79ff0fdcfd19633586a6dcd3491651,filehash-sha1,Implants in the Supply Chain,baja,25,,,OTX,2026-08-27T22:16:26
bfaeb987faa6de2b5a5eb63b1233d055215b09b0349a9394f2175fd7cdf385e4,filehash-sha256,Inside the AsyncAPI Supply Chain Compromise,baja,25,,,OTX,2026-08-27T22:16:25
b9993a8ad0518849416798cf29668256ccb96598fc4423501ccab5312812653a,filehash-sha256,Inside the AsyncAPI Supply Chain Compromise,baja,25,,,OTX,2026-08-27T22:16:25
24b9ee242f21a73b55f7bb3297eafb33c60840907386b542ed79fc6b72365168,filehash-sha256,Inside the AsyncAPI Supply Chain Compromise,baja,25,,,OTX,2026-08-27T22:16:25
22bf76fe317ea6769bd38619bd440e42d119bd6b,filehash-sha1,Inside the AsyncAPI Supply Chain Compromise,baja,25,,,OTX,2026-08-27T22:16:25
c8cb3f6d5b90c46686d2bf531dc1a5786e27edc5,filehash-sha1,Inside the AsyncAPI Supply Chain Compromise,baja,25,,,OTX,2026-08-27T22:16:25
d602f4eeb914cf32782799376a8c5953,filehash-md5,Inside the AsyncAPI Supply Chain Compromise,baja,25,,,OTX,2026-08-27T22:16:25
93d8cffab1171a115228808e526d9bd7fe935e4e,filehash-sha1,Inside the AsyncAPI Supply Chain Compromise,baja,25,,,OTX,2026-08-27T22:16:25
d8a6b102c1715bd80393ce510931b1f6,filehash-md5,Inside the AsyncAPI Supply Chain Compromise,baja,25,,,OTX,2026-08-27T22:16:25
ea895416fe585a5c2a5dce207190ff1c,filehash-md5,Inside the AsyncAPI Supply Chain Compromise,baja,25,,,OTX,2026-08-27T22:16:25
07d4a6ac925f9f7e63c7332df1995de03f514931e9d97cb3dd7a72fecf569e11,filehash-sha256,AI-Powered PhaaS Supply Chain,baja,25,,,OTX,2026-08-27T08:04:56
2c790296b404b3e7592da37b15311507b0e55989e1628eef1bb970acb13ec37f,filehash-sha256,AI-Powered PhaaS Supply Chain,baja,25,,,OTX,2026-08-27T08:04:56
32fa60c9099f53f194a6a63c9341dd115434584e0890120ba1eca83ae33832bf,filehash-sha256,AI-Powered PhaaS Supply Chain,baja,25,,,OTX,2026-08-27T08:04:56
5ea22f9777a34f461840c2a3988c717c0f9e6ec4bd95420c8643251e28ccc36b,filehash-sha256,AI-Powered PhaaS Supply Chain,baja,25,,,OTX,2026-08-27T08:04:56
d9e2881d3aa1ea40928dac65405fbe7e36989cad51ab46daf493afff757a2493,filehash-sha256,AI-Powered PhaaS Supply Chain,baja,25,,,OTX,2026-08-27T08:04:56
10df3451915ea35bcb17efe121415f24182680e2d07fc09df07ee695072104c1,filehash-sha256,Philippine Nuclear Agency and Naval Contractor Targeted by Suspected Chinese-Speaking Operator Using Known Vulnerabilities,baja,25,,,OTX,2026-08-26T17:18:26
7447d0d0c34779d4c519823b39bf6ddc16d2b34a226b82ee69da6f5b4a77ad82,filehash-sha256,Philippine Nuclear Agency and Naval Contractor Targeted by Suspected Chinese-Speaking Operator Using Known Vulnerabilities,baja,25,,,OTX,2026-08-26T17:18:26
27cc65cb6261ef0d584287cf09bdafcc,filehash-md5,Dark Caracal Reloaded: New Malware  Same Hunting Grounds,baja,25,,,OTX,2026-08-26T17:18:25
40d99e70de5918c6cad144dfc1ad4acd806aca3b,filehash-sha1,Dark Caracal Reloaded: New Malware  Same Hunting Grounds,baja,25,,,OTX,2026-08-26T17:18:25
0a6da70548f14834acb8960689a589b48ff422f8385ae445a281aab77045fe22,filehash-sha256,Dark Caracal Reloaded: New Malware  Same Hunting Grounds,baja,25,,,OTX,2026-08-26T17:18:25
1e499c815146124c4a6d2b48c99068b980ad74e1a2cfd16013f8d75a9425a0ca,filehash-sha256,Dark Caracal Reloaded: New Malware  Same Hunting Grounds,baja,25,,,OTX,2026-08-26T17:18:25
77f7ad29f4a8037ee5f38d3d87fb91cfd97cb8f7fa7883edf3fce506df5200c0,filehash-sha256,Dark Caracal Reloaded: New Malware  Same Hunting Grounds,baja,25,,,OTX,2026-08-26T17:18:25
8c03d072df2e1bf14b0c00a8ab99834138c8b69f301849bf09cb44394e916015,filehash-sha256,Dark Caracal Reloaded: New Malware  Same Hunting Grounds,baja,25,,,OTX,2026-08-26T17:18:25
a2cdf2fe741de4b13ad2298b387a6c32da4a94da180ae75bf8547386aee7376b,filehash-sha256,Dark Caracal Reloaded: New Malware  Same Hunting Grounds,baja,25,,,OTX,2026-08-26T17:18:25
c9da1b08a39491dfdbede6ff4c1a2d383f57cb29e2d3532aee08d6e0a5c1dda6,filehash-sha256,Dark Caracal Reloaded: New Malware  Same Hunting Grounds,baja,25,,,OTX,2026-08-26T17:18:25
9f2be216c5df190806e621e970c9f3e106048441,filehash-sha1,Dark Caracal Reloaded: New Malware  Same Hunting Grounds,baja,25,,,OTX,2026-08-26T17:18:25
