valor,tipo,amenaza,nivel,score,confianza,pais,fuente,visto,edad_dias
6e7d9b33f1e72ea1ede71373a604ecdb060dab7d42055179c1eede9ecd1fd239,filehash-sha256,Iranian State-Aligned Threat Actor Masquerading as Dubai Airports IT Department Delivering Trojanized Coding Challenges - Blinder Tunnel Campaign Targeting Iraqi Critical Infrastructure,baja,25,,,OTX,2026-10-07T09:47:17,0
f5b12772db6817f7a765a6fe7565fd3d4f87edc28e42fe3ec0244a372a410fc9,filehash-sha256,Iranian State-Aligned Threat Actor Masquerading as Dubai Airports IT Department Delivering Trojanized Coding Challenges - Blinder Tunnel Campaign Targeting Iraqi Critical Infrastructure,baja,25,,,OTX,2026-10-07T09:47:17,0
53f35e49eb9b271fd8cbcd3daacb525328dbf159a03dbd1c7adebe0363daa402,filehash-sha256,Iranian State-Aligned Threat Actor Masquerading as Dubai Airports IT Department Delivering Trojanized Coding Challenges - Blinder Tunnel Campaign Targeting Iraqi Critical Infrastructure,baja,25,,,OTX,2026-10-07T09:47:17,0
3fd810a3aa0039993393741b32287c367a9a5037a41e826906440887cdd3ed13,filehash-sha256,Iranian State-Aligned Threat Actor Masquerading as Dubai Airports IT Department Delivering Trojanized Coding Challenges - Blinder Tunnel Campaign Targeting Iraqi Critical Infrastructure,baja,25,,,OTX,2026-10-07T09:47:17,0
76273382e4252c1f60a2251141e108942494409c759358320735891762c0682e,filehash-sha256,Iranian State-Aligned Threat Actor Masquerading as Dubai Airports IT Department Delivering Trojanized Coding Challenges - Blinder Tunnel Campaign Targeting Iraqi Critical Infrastructure,baja,25,,,OTX,2026-10-07T09:47:17,0
d3561bd4aad003dc3e08157b0891860bb496b80cd6e44901692e08ab1d4e8260,filehash-sha256,Iranian State-Aligned Threat Actor Masquerading as Dubai Airports IT Department Delivering Trojanized Coding Challenges - Blinder Tunnel Campaign Targeting Iraqi Critical Infrastructure,baja,25,,,OTX,2026-10-07T09:47:17,0
f5ba1645694c62f527ed6ceda8c68a5c3dd92b4032439167e8e937e72803b4bd,filehash-sha256,Iranian State-Aligned Threat Actor Masquerading as Dubai Airports IT Department Delivering Trojanized Coding Challenges - Blinder Tunnel Campaign Targeting Iraqi Critical Infrastructure,baja,25,,,OTX,2026-10-07T09:47:17,0
7cc571aca6d8715d9aaad3d83e1bcd30467565d583db1dfe73697c5d00a1f875,filehash-sha256,Iranian State-Aligned Threat Actor Masquerading as Dubai Airports IT Department Delivering Trojanized Coding Challenges - Blinder Tunnel Campaign Targeting Iraqi Critical Infrastructure,baja,25,,,OTX,2026-10-07T09:47:17,0
2ab34636eeab843b4bcbb6e44f033eab,filehash-md5,Iranian State-Aligned Threat Actor Masquerading as Dubai Airports IT Department Delivering Trojanized Coding Challenges - Blinder Tunnel Campaign Targeting Iraqi Critical Infrastructure,baja,25,,,OTX,2026-10-07T09:47:17,0
38aa0f535e2c6273ccf4de19a7a0f044,filehash-md5,Iranian State-Aligned Threat Actor Masquerading as Dubai Airports IT Department Delivering Trojanized Coding Challenges - Blinder Tunnel Campaign Targeting Iraqi Critical Infrastructure,baja,25,,,OTX,2026-10-07T09:47:17,0
3d809693b3d63f33126e9eb630fef8ff,filehash-md5,Iranian State-Aligned Threat Actor Masquerading as Dubai Airports IT Department Delivering Trojanized Coding Challenges - Blinder Tunnel Campaign Targeting Iraqi Critical Infrastructure,baja,25,,,OTX,2026-10-07T09:47:17,0
5a796cdce448eddbf1aec1c7c186dacf,filehash-md5,Iranian State-Aligned Threat Actor Masquerading as Dubai Airports IT Department Delivering Trojanized Coding Challenges - Blinder Tunnel Campaign Targeting Iraqi Critical Infrastructure,baja,25,,,OTX,2026-10-07T09:47:17,0
7244a27029d2fb104a598b40e9f284d9,filehash-md5,Iranian State-Aligned Threat Actor Masquerading as Dubai Airports IT Department Delivering Trojanized Coding Challenges - Blinder Tunnel Campaign Targeting Iraqi Critical Infrastructure,baja,25,,,OTX,2026-10-07T09:47:17,0
8a062a2d0741b57fab9635920b17275b,filehash-md5,Iranian State-Aligned Threat Actor Masquerading as Dubai Airports IT Department Delivering Trojanized Coding Challenges - Blinder Tunnel Campaign Targeting Iraqi Critical Infrastructure,baja,25,,,OTX,2026-10-07T09:47:17,0
b53f5d8baf6840fa3a5ea8e56d208ddf,filehash-md5,Iranian State-Aligned Threat Actor Masquerading as Dubai Airports IT Department Delivering Trojanized Coding Challenges - Blinder Tunnel Campaign Targeting Iraqi Critical Infrastructure,baja,25,,,OTX,2026-10-07T09:47:17,0
f2f8db8dc4c4f9573e5aa265235c9d49,filehash-md5,Iranian State-Aligned Threat Actor Masquerading as Dubai Airports IT Department Delivering Trojanized Coding Challenges - Blinder Tunnel Campaign Targeting Iraqi Critical Infrastructure,baja,25,,,OTX,2026-10-07T09:47:17,0
18586ca8e3e3c4633ed3fccd909a0be87ba0a573,filehash-sha1,Iranian State-Aligned Threat Actor Masquerading as Dubai Airports IT Department Delivering Trojanized Coding Challenges - Blinder Tunnel Campaign Targeting Iraqi Critical Infrastructure,baja,25,,,OTX,2026-10-07T09:47:17,0
701f2a5c8d8bdc28e51e11a12955197fbd652698,filehash-sha1,Iranian State-Aligned Threat Actor Masquerading as Dubai Airports IT Department Delivering Trojanized Coding Challenges - Blinder Tunnel Campaign Targeting Iraqi Critical Infrastructure,baja,25,,,OTX,2026-10-07T09:47:17,0
7fa5ce4031e57e608b4a2f92cacdaf9183dfe76a,filehash-sha1,Iranian State-Aligned Threat Actor Masquerading as Dubai Airports IT Department Delivering Trojanized Coding Challenges - Blinder Tunnel Campaign Targeting Iraqi Critical Infrastructure,baja,25,,,OTX,2026-10-07T09:47:17,0
8c839823f58e8965c770c900be2b2cf14e054871,filehash-sha1,Iranian State-Aligned Threat Actor Masquerading as Dubai Airports IT Department Delivering Trojanized Coding Challenges - Blinder Tunnel Campaign Targeting Iraqi Critical Infrastructure,baja,25,,,OTX,2026-10-07T09:47:17,0
90f733c6aa7eaa37dbd654ef1f4cedfbb711dc03,filehash-sha1,Iranian State-Aligned Threat Actor Masquerading as Dubai Airports IT Department Delivering Trojanized Coding Challenges - Blinder Tunnel Campaign Targeting Iraqi Critical Infrastructure,baja,25,,,OTX,2026-10-07T09:47:17,0
9842b996277682a136562aa27e08919eac542c15,filehash-sha1,Iranian State-Aligned Threat Actor Masquerading as Dubai Airports IT Department Delivering Trojanized Coding Challenges - Blinder Tunnel Campaign Targeting Iraqi Critical Infrastructure,baja,25,,,OTX,2026-10-07T09:47:17,0
aa7f18c1552042d4d0854de69d5c69ee47a21ba2,filehash-sha1,Iranian State-Aligned Threat Actor Masquerading as Dubai Airports IT Department Delivering Trojanized Coding Challenges - Blinder Tunnel Campaign Targeting Iraqi Critical Infrastructure,baja,25,,,OTX,2026-10-07T09:47:17,0
f320cd3c6de7efb61b59669ce70c81fc8a94758a,filehash-sha1,Iranian State-Aligned Threat Actor Masquerading as Dubai Airports IT Department Delivering Trojanized Coding Challenges - Blinder Tunnel Campaign Targeting Iraqi Critical Infrastructure,baja,25,,,OTX,2026-10-07T09:47:17,0
d00833318a04caa019c6f95dcb3598ad947d405010bfb2f3cbd04530a00bc3a4,filehash-sha256,Akira Ransomware Attack Investigation,baja,25,,,OTX,2026-10-07T09:45:47,0
1f1bb322591b6d27fd2946e373d7d2efc2f4e1e66818846060d391600b600fba,filehash-sha256,Akira Ransomware Attack Investigation,baja,25,,,OTX,2026-10-07T09:45:47,0
923641364ef0ce3a6f1d944890244082b8c7f29c9600c0433b2a0ca9822c0608,filehash-sha256,Beyond valid credentials: How exposed AWS keys are tested for Amazon Bedrock access,baja,25,,,OTX,2026-10-06T17:14:49,0
c9335bb8a21bd2c568d03b040fb86a0e72145691e54a33495ee0cfaac55835dc,filehash-sha256,Beyond valid credentials: How exposed AWS keys are tested for Amazon Bedrock access,baja,25,,,OTX,2026-10-06T17:14:49,0
a07bc08eded18cc7317216cbbd7032d2,filehash-md5,StyleSmuggler: Magento and Adobe Commerce 0-day RCE under active attack,baja,25,,,OTX,2026-09-07T17:16:00,2
11d6a0c1000576915584c49c7039206bbb4c24d1,filehash-sha1,StyleSmuggler: Magento and Adobe Commerce 0-day RCE under active attack,baja,25,,,OTX,2026-09-07T17:16:00,2
b79dfdc1eed860e0b76c629d6adfce251db379b0b45a6d728d4ef483f7551420,filehash-sha256,StyleSmuggler: Magento and Adobe Commerce 0-day RCE under active attack,baja,25,,,OTX,2026-09-07T17:16:00,2
e315687a1dfe61ef4a5a5642214db6d3b2b05d81391285eebc2af664641a26a7,filehash-sha256,StyleSmuggler: Magento and Adobe Commerce 0-day RCE under active attack,baja,25,,,OTX,2026-09-07T17:16:00,2
d4a15b847786c75a383ce0cb0e5e139d,filehash-md5,StyleSmuggler: Magento and Adobe Commerce 0-day RCE under active attack,baja,25,,,OTX,2026-09-07T17:16:00,0
d342d8223a362791ce2cc1ab45725eb0a37fd559,filehash-sha1,StyleSmuggler: Magento and Adobe Commerce 0-day RCE under active attack,baja,25,,,OTX,2026-09-07T17:16:00,0
fced27f6d57702565353ecc11722533b,filehash-md5,StyleSmuggler: Magento and Adobe Commerce 0-day RCE under active attack,baja,25,,,OTX,2026-09-07T17:16:00,0
1a3374ffac5b0a62467612f264c49792d206304d4514409c982325c91231375d,filehash-sha256,StyleSmuggler: Magento and Adobe Commerce 0-day RCE under active attack,baja,25,,,OTX,2026-09-07T17:16:00,0
4352cabaa451e5a894535fbcc4d46628701303322a13745cb5479d7d0534ae8e,filehash-sha256,StyleSmuggler: Magento and Adobe Commerce 0-day RCE under active attack,baja,25,,,OTX,2026-09-07T17:16:00,0
d2fbf9eb75c495bfea48790d3b228fab0c15a282419c3d3f5e49294c4e1a3e82,filehash-sha256,StyleSmuggler: Magento and Adobe Commerce 0-day RCE under active attack,baja,25,,,OTX,2026-09-07T17:16:00,0
d61217ca0bca83204302fa7b41935ce36f73764559c156d5c980f2fedddffb6e,filehash-sha256,StyleSmuggler: Magento and Adobe Commerce 0-day RCE under active attack,baja,25,,,OTX,2026-09-07T17:16:00,0
